-- INSERT INTO DIVISION

INSERT INTO Division (address) VALUES ("549-324 Luctus Av."),("3251 Amet, Avenue"),("235-7206 Sed Av."),("401-3361 Quisque St."),("Ap #239-8738 Duis Rd."),("5717 Ridiculus St."),("P.O. Box 510, 3724 Risus. Street"),("Ap #376-4057 Diam. Av."),("P.O. Box 143, 1687 Risus Av."),("Ap #415-2549 Elementum Ave");

-- INSERT INTO  CONTACT

INSERT INTO Contact (phoneNum) VALUES (5551000),(5551001),(5551002),(5551003),(5551004),(5551005),(5551006),(5551007),(5551008),(5551009),(5551010),(5551011),(5551012),(5551013),(5551014),(5551015),(5551016),(5551017),(5551018),(5551019),(5551020),(5551021),(5551022),(5551023),(5551024),(5551025),(5551026),(5551027),(5551028),(5551029),(5551030),(5551031),(5551032),(5551033),(5551034),(5551035),(5551036),(5551037),(5551038),(5551039),(5551040),(5551041),(5551042),(5551043),(5551044),(5551045),(5551046),(5551047),(5551048),(5551049),(5551050),(5551051),(5551052),(5551053),(5551054),(5551055),(5551056),(5551057),(5551058),(5551059),(5551060),(5551061),(5551062),(5551063),(5551064),(5551065),(5551066),(5551067),(5551068),(5551069),(5551070),(5551071),(5551072),(5551073),(5551074),(5551075),(5551076),(5551077),(5551078),(5551079),(5551080),(5551081),(5551082),(5551083),(5551084),(5551085),(5551086),(5551087),(5551088),(5551089),(5551090),(5551091),(5551092),(5551093),(5551094),(5551095),(5551096),(5551097),(5551098),(5551099),(5551100),(5551101),(5551102),(5551103),(5551104),(5551105),(5551106),(5551107),(5551108),(5551109),(5551110),(5551111),(5551112),(5551113),(5551114),(5551115),(5551116),(5551117),(5551118),(5551119),(5551120),(5551121),(5551122),(5551123),(5551124),(5551125),(5551126),(5551127),(5551128),(5551129),(5551130),(5551131),(5551132),(5551133),(5551134),(5551135),(5551136),(5551137),(5551138),(5551139),(5551140),(5551141),(5551142),(5551143),(5551144),(5551145),(5551146),(5551147),(5551148),(5551149),(5551150),(5551151),(5551152),(5551153),(5551154),(5551155),(5551156),(5551157),(5551158),(5551159),(5551160),(5551161),(5551162),(5551163),(5551164),(5551165),(5551166),(5551167),(5551168),(5551169),(5551170),(5551171),(5551172),(5551173),(5551174),(5551175),(5551176),(5551177),(5551178),(5551179),(5551180),(5551181),(5551182),(5551183),(5551184),(5551185),(5551186),(5551187),(5551188),(5551189),(5551190),(5551191),(5551192),(5551193),(5551194),(5551195),(5551196),(5551197),(5551198),(5551199),(5551200),(5551201),(5551202),(5551203),(5551204),(5551205),(5551206),(5551207),(5551208),(5551209),(5551210),(5551211),(5551212),(5551213),(5551214),(5551215),(5551216),(5551217),(5551218),(5551219),(5551220),(5551221),(5551222),(5551223),(5551224),(5551225),(5551226),(5551227),(5551228),(5551229),(5551230),(5551231),(5551232),(5551233),(5551234),(5551235),(5551236),(5551237),(5551238),(5551239),(5551240),(5551241),(5551242),(5551243),(5551244),(5551245),(5551246),(5551247),(5551248),(5551249),(5551250),(5551251),(5551252),(5551253),(5551254),(5551255),(5551256),(5551257),(5551258),(5551259),(5551260),(5551261),(5551262),(5551263),(5551264),(5551265),(5551266),(5551267),(5551268),(5551269),(5551270),(5551271),(5551272),(5551273),(5551274),(5551275),(5551276),(5551277),(5551278),(5551279),(5551280),(5551281),(5551282),(5551283),(5551284),(5551285),(5551286),(5551287),(5551288),(5551289),(5551290),(5551291),(5551292),(5551293),(5551294),(5551295),(5551296),(5551297),(5551298),(5551299),(5551300);

-- INSERT INTO CUSTOMER

INSERT INTO Customer (fname,lname,address,DivisionId,phoneNum) VALUES ("Jolie","Irwin","Ap #362-248 Auctor St.",1,5551000),("Illiana","Roth","P.O. Box 110, 6206 Amet, Rd.",3,5551001),("Cheyenne","Weeks","8942 Nunc. Rd.",4,5551002),("Allegra","Gray","P.O. Box 603, 1186 Nunc St.",4,5551003),("Yeo","Gomez","157-7441 In Rd.",9,5551004),("Casey","Kane","806-3645 Vestibulum Road",1,5551005),("Hamilton","Lloyd","P.O. Box 190, 5929 Suspendisse Road",5,5551006),("Cameron","Fischer","Ap #694-3967 Mauris Av.",4,5551007),("Cedric","Sparks","368-6780 In St.",5,5551008),("Alisa","Patel","P.O. Box 380, 6191 Proin Rd.",4,5551009),("Miranda","Rosa","P.O. Box 961, 4473 Netus Road",10,5551010),("Anastasia","Bray","6392 Enim, St.",5,5551011),("Chanda","Allen","1063 Dapibus Avenue",5,5551012),("Beatrice","Summers","Ap #691-722 Nec Rd.",3,5551013),("Garrett","Barry","574-7885 Sed Rd.",9,5551014),("Kennan","Daniels","1556 Cubilia Avenue",10,5551015),("Jenette","Mckay","1413 Senectus Av.",3,5551016),("Kaye","Bender","230-967 Pede. Rd.",10,5551017),("Stacy","Morin","P.O. Box 891, 6640 Et, Rd.",7,5551018),("Stuart","Delacruz","Ap #407-4365 Convallis Rd.",9,5551019),("Jolene","Fuller","3764 Ornare. Av.",1,5551020),("Dora","Albert","Ap #883-6337 Suspendisse Rd.",2,5551021),("Chava","Calderon","Ap #118-5339 Dis Rd.",6,5551022),("Oleg","Moran","P.O. Box 454, 4810 Non St.",1,5551023),("Gloria","Bolton","633-221 Tincidunt Street",9,5551024),("Miriam","Montgomery","Ap #857-8772 Cras St.",7,5551025),("Omar","Ray","Ap #651-6489 Magna. St.",3,5551026),("Aretha","Caldwell","416-6409 Nunc Rd.",1,5551027),("Katell","Durham","Ap #852-4941 Sollicitudin Street",7,5551028),("Sopoline","Moon","9828 Auctor St.",2,5551029),("Darius","Knight","228-2075 Libero. Avenue",1,5551030),("Kelly","Farrell","743-5666 Vivamus Ave",10,5551031),("Ezra","Gaines","8822 Purus. Road",2,5551032),("Mia","Castro","903-6952 Non St.",1,5551033),("Nomlanga","Greer","P.O. Box 938, 6035 Ac, Road",3,5551034),("Karyn","Lindsey","811-3244 Suspendisse Ave",8,5551035),("Shellie","Mann","9425 Sed St.",5,5551036),("Michelle","Key","P.O. Box 605, 8106 Nulla Street",8,5551037),("Ronan","Callahan","P.O. Box 772, 347 Vitae Rd.",3,5551038),("Melanie","Beck","3471 Augue Rd.",7,5551039),("Buckminster","Bradley","4391 Feugiat Ave",6,5551040),("Aline","Sharp","5016 Arcu. Road",8,5551041),("Shelley","Baird","Ap #242-5288 Cursus St.",5,5551042),("Emi","Orr","493-8331 Interdum. Ave",6,5551043),("Priscilla","Snyder","922-2757 In Road",1,5551044),("Kennan","Pennington","436-8919 Curae; Street",1,5551045),("Burke","Wiley","Ap #152-7605 Enim Av.",3,5551046),("Carson","Calderon","P.O. Box 916, 2779 Et Rd.",4,5551047),("Linda","Hurley","Ap #128-5641 Dui. Street",8,5551048),("Catherine","Ford","416-5440 Odio Rd.",5,5551049),("Micah","Ellis","P.O. Box 929, 9871 Accumsan Av.",3,5551050),("Honorato","Ortiz","617-1029 Non Rd.",1,5551051),("William","Grimes","P.O. Box 781, 4038 Enim Av.",6,5551052),("Herrod","Vang","439-2523 Lorem Av.",5,5551053),("Bell","Mooney","Ap #492-5324 Ac, Road",8,5551054),("Isaac","Dillon","9560 Vitae Avenue",8,5551055),("Nayda","Olson","963-2247 Curabitur Av.",8,5551056),("Miriam","Willis","6233 Pede, St.",3,5551057),("Lee","Peterson","Ap #164-4239 Egestas Av.",2,5551058),("Malachi","Alston","743-8020 Ut Rd.",9,5551059),("Ingrid","Goodman","947-782 Pharetra Street",1,5551060),("Kenneth","Sandoval","P.O. Box 725, 8840 Dapibus Ave",1,5551061),("Trevor","Bird","2150 Eget Rd.",5,5551062),("Hunter","Vaughn","6042 Enim. Avenue",1,5551063),("Naomi","Ford","9994 Consequat Street",7,5551064),("Gage","Singleton","Ap #106-8640 Id, Avenue",3,5551065),("Scarlet","Mcconnell","9320 Vestibulum Ave",1,5551066),("Serena","Duffy","627 Arcu. Road",1,5551067),("Leo","Ortiz","881-7159 Et, Street",6,5551068),("Quinn","Christian","5189 Ligula. St.",7,5551069),("Violet","Rodgers","Ap #932-720 Sed Avenue",1,5551070),("Octavia","Mullen","P.O. Box 940, 9754 Arcu St.",9,5551071),("Paula","Murray","119-6648 Cursus St.",9,5551072),("Calvin","Nicholson","2271 Faucibus Ave",4,5551073),("Noble","Cruz","563-2417 Ipsum. Rd.",10,5551074),("Sybill","Baird","154-4262 Nullam Street",7,5551075),("Lillith","Estrada","Ap #476-1342 Sed Rd.",5,5551076),("Callum","Bean","987-7326 Purus, Ave",2,5551077),("TaShya","Stephens","447-2565 Venenatis Rd.",9,5551078),("Nomlanga","Mann","4164 Praesent Street",9,5551079),("Freya","Callahan","P.O. Box 363, 8901 Tellus. Rd.",7,5551080),("Adria","Stafford","P.O. Box 823, 2430 Laoreet, Av.",2,5551081),("Paul","Oconnor","360-1622 Lobortis Rd.",6,5551082),("Hermione","Mcdonald","Ap #692-123 Sed Street",3,5551083),("Hilary","Mcfarland","300-2269 Ultricies Street",5,5551084),("Castor","Watson","8523 Egestas. Road",7,5551085),("Wyoming","Adkins","5211 Id, Street",2,5551086),("Jason","Bryan","Ap #218-593 Mauris. Rd.",7,5551087),("Callum","James","697-9957 Phasellus Av.",3,5551088),("Jessica","Lawson","Ap #264-8631 Fermentum St.",6,5551089),("Chastity","Benton","7755 Lacus. Avenue",9,5551090),("Tiger","Sampson","Ap #672-3503 Nonummy Av.",9,5551091),("Aiko","Decker","Ap #155-704 Mauris Street",7,5551092),("Marvin","Landry","217-1716 Litora Av.",6,5551093),("Carson","Rich","9264 Egestas Rd.",6,5551094),("Phelan","Mcdaniel","Ap #817-3160 Enim. Rd.",7,5551095),("Ebony","Mccormick","4990 Sodales St.",7,5551096),("Emi","Baxter","Ap #233-108 Lorem St.",3,5551097),("Ariel","Martinez","4489 Nisl Ave",1,5551098),("Kirk","Silva","P.O. Box 787, 9674 Sociosqu St.",8,5551099);

-- INSERT INTO EMPLOYEE

INSERT INTO Employee (fname,lname,title,phoneNum,address,email) VALUES ("Blaze","Newman","Manager","7262078","8834 Risus. St.","Blaze@example.com"),("Jameson","Pace","Staff","8253588","7101 Aliquam Street","Jameson@example.com"),("Mason","Christensen","Staff","7957542","P.O. Box 983, 958 Nulla St.","Mason@example.com"),("Larissa","Frank","Staff","9340652","Ap #142-1305 Lobortis Avenue","Larissa@example.com"),("Keefe","Morin","Dr.","1787928","949-4643 Cum Rd.","Keefe@example.com"),("Shad","Ruiz","Mrs.","5245325","Ap #132-6464 Quis Ave","Shad@example.com"),("Quinlan","Horton","Partner","5100290","P.O. Box 583, 7585 Integer Ave","Quinlan@example.com"),("Wayne","Brooks","Dr.","5892918","5939 Curabitur Ave","Wayne@example.com"),("Sacha","Miles","Partner","7297238","881-5886 Pellentesque Avenue","Sacha@example.com"),("Blaine","Randall","Staff","4156174","3461 Lectus St.","Blaine@example.com"),("Rudyard","Colon","Ms.","1591614","952-868 Volutpat. Road","Rudyard@example.com"),("Kylynn","Workman","Mr.","2388430","910-7661 Leo. Avenue","Kylynn@example.com"),("Yael","Trevino","Mrs.","7848745","5771 Pharetra Road","Yael@example.com"),("Xandra","Valenzuela","Mrs.","8389206","P.O. Box 902, 7468 Sagittis Road","Xandra@example.com"),("Warren","Cole","Staff","4091748","P.O. Box 109, 3348 Egestas. Ave","Warren@example.com"),("Zeus","Cochran","Manager","4452431","8046 A Av.","Zeus@example.com"),("Jelani","Shepherd","Manager","9725028","Ap #948-8731 Consequat Avenue","Jelani@example.com"),("Nelle","Garcia","Dr.","3019148","P.O. Box 352, 9947 Ipsum Rd.","Nelle@example.com"),("Idona","Stevenson","Manager","8792116","P.O. Box 438, 3430 Egestas. Street","Idona@example.com"),("Nigel","Malone","Mrs.","8721698","Ap #405-4863 Sit St.","Nigel@example.com"),("Eleanor","Osborne","Mrs.","9957656","P.O. Box 358, 3658 Dapibus Rd.","Eleanor@example.com"),("Kennedy","Stephens","Mr.","7640322","P.O. Box 674, 2909 Non Rd.","Kennedy@example.com"),("Laura","Dunlap","Ms.","1124328","9713 Malesuada Street","Laura@example.com"),("Martin","Weiss","Partner","1634323","951-5238 Fusce Road","Martin@example.com"),("Flavia","Serrano","Manager","8644847","712-3814 Tortor Avenue","Flavia@example.com"),("Josephine","William","Dr.","4584895","2242 Ornare, Rd.","Josephine@example.com"),("Harrison","Mcknight","Ms.","8425753","484-5790 Mauris Rd.","Harrison@example.com"),("Kelsey","Berger","Ms.","2187731","Ap #520-2235 Donec St.","Kelsey@example.com"),("Wynne","May","Partner","1661117","Ap #758-7788 Nulla. Avenue","Wynne@example.com"),("Lesley","Osborne","Partner","8991568","P.O. Box 314, 8721 Sem Avenue","Lesley@example.com"),("Ariana","Lane","Ms.","5857391","P.O. Box 195, 7130 Ac Street","Ariana@example.com"),("Alma","Holloway","Staff","8390604","Ap #303-3836 Orci Avenue","Alma@example.com"),("Guinevere","Cote","Manager","8056161","P.O. Box 685, 1114 Integer Av.","Guinevere@example.com"),("Jaden","Parks","Mrs.","4549243","P.O. Box 566, 3293 Tellus Rd.","Jaden@example.com"),("Jesse","Stout","Mrs.","7187779","761-8979 Turpis Rd.","Jesse@example.com"),("Aspen","Cervantes","Dr.","7423153","P.O. Box 881, 2975 Ad St.","Aspen@example.com"),("Ivory","Conrad","Staff","2816439","P.O. Box 519, 2870 Vivamus Avenue","Ivory@example.com"),("Bradley","Dotson","Partner","7517776","518-4426 Sem Avenue","Bradley@example.com"),("Maris","Booth","Ms.","4222828","6278 A, St.","Maris@example.com"),("Janna","Vaughn","Mrs.","8174744","930-6599 Placerat Rd.","Janna@example.com"),("Leila","George","Ms.","7748699","454-6658 Sit Street","Leila@example.com"),("Ulric","Patrick","Partner","9309890","P.O. Box 281, 7015 Dui St.","Ulric@example.com"),("Hakeem","Palmer","Ms.","4548440","215-4995 Aliquet. Road","Hakeem@example.com"),("Callie","Cortez","Ms.","2957174","615-348 Inceptos Avenue","Callie@example.com"),("Deirdre","Moss","Partner","8458808","P.O. Box 930, 1690 Penatibus St.","Deirdre@example.com"),("Inez","Cohen","Manager","1094669","P.O. Box 600, 2660 Ipsum. Ave","Inez@example.com"),("Yuri","Vega","Partner","8080185","Ap #545-3295 Aenean Rd.","Yuri@example.com"),("Ivan","Clayton","Dr.","5788605","8400 Ac St.","Ivan@example.com"),("Travis","Farrell","Dr.","7435336","P.O. Box 726, 9417 Dapibus Ave","Travis@example.com"),("Cedric","Ware","Mr.","1703978","8738 Velit. Ave","Cedric@example.com"),("Carter","Larson","Mrs.","1622767","657-8417 Diam. Avenue","Carter@example.com"),("Jasper","Mooney","Mr.","4645809","221-1829 Mi St.","Jasper@example.com"),("Darrel","Neal","Dr.","5623184","P.O. Box 374, 8420 Viverra. Rd.","Darrel@example.com"),("Noel","Scott","Manager","1126226","Ap #456-6738 Interdum. Street","Noel@example.com"),("Sonya","Stewart","Dr.","7911300","P.O. Box 272, 9873 Nisi Av.","Sonya@example.com"),("Rooney","Carver","Staff","2260694","3168 Nulla. Road","Rooney@example.com"),("Belle","Benton","Partner","2262686","643-1201 Semper. Rd.","Belle@example.com"),("Slade","Mccullough","Partner","1773820","P.O. Box 749, 8167 Tincidunt Rd.","Slade@example.com"),("Sage","Luna","Dr.","3597323","P.O. Box 585, 4058 Luctus. Road","Sage@example.com"),("Leslie","Kline","Manager","9975671","Ap #294-5915 Eget Rd.","Leslie@example.com"),("Blythe","Rios","Mr.","8859740","331-5874 Scelerisque Road","Blythe@example.com"),("Raven","Davis","Partner","4766671","6020 Ligula St.","Raven@example.com"),("Grady","Drake","Mrs.","7649629","797-1002 Bibendum. Rd.","Grady@example.com"),("Jacqueline","Horn","Partner","6893932","742-9775 Ac Rd.","Jacqueline@example.com"),("Keith","Watson","Ms.","7610086","Ap #114-2445 Diam Rd.","Keith@example.com"),("Gray","Montgomery","Staff","5965552","P.O. Box 165, 6841 Mattis Road","Gray@example.com"),("Brady","James","Dr.","3191749","Ap #359-9308 Nec, Avenue","Brady@example.com"),("Amy","Roth","Mrs.","9039135","P.O. Box 592, 5203 Non Rd.","Amy@example.com"),("Aubrey","Finley","Dr.","9825269","7245 Nunc Street","Aubrey@example.com"),("Kelly","Bishop","Mrs.","9272852","471-161 Quis Road","Kelly@example.com"),("Dolan","Whitaker","Partner","8491567","Ap #724-7824 Nec St.","Dolan@example.com"),("Curran","Fitzpatrick","Partner","8418166","Ap #746-6375 Risus. Avenue","Curran@example.com"),("Blake","Paul","Ms.","2780805","631-8981 Sed, Road","Blake@example.com"),("Quyn","Gibson","Mr.","9587780","Ap #122-1948 Mauris St.","Quyn@example.com"),("Avram","Johnston","Dr.","8139216","7461 Elementum Road","Avram@example.com"),("Lyle","Thomas","Partner","3154720","3299 Cursus, St.","Lyle@example.com"),("Wesley","Puckett","Ms.","7641683","1762 Porta Avenue","Wesley@example.com"),("Kylynn","Day","Mrs.","2288034","4612 Euismod St.","Kylynn@example.com"),("Kyra","Norman","Ms.","5172661","851-506 Integer Rd.","Kyra@example.com"),("Winifred","Gardner","Staff","6736708","4075 Lobortis Rd.","Winifred@example.com"),("Raymond","Daniels","Ms.","9218040","686-5041 Amet Av.","Raymond@example.com"),("Nola","Perez","Ms.","1059408","P.O. Box 741, 5199 Eros Rd.","Nola@example.com"),("Tatiana","Head","Mr.","1597647","Ap #566-4674 Eu St.","Tatiana@example.com"),("Lavinia","Morin","Ms.","2664734","819-9115 Donec Rd.","Lavinia@example.com"),("Phyllis","Parks","Staff","1969107","Ap #860-1622 Sem Rd.","Phyllis@example.com"),("Octavia","Morgan","Partner","4401330","Ap #391-9028 Sem Rd.","Octavia@example.com"),("Caryn","Brock","Mrs.","6510823","6211 Sed Road","Caryn@example.com"),("Samuel","Gibbs","Staff","2194664","1235 Non, St.","Samuel@example.com"),("Germane","Merrill","Ms.","7670016","Ap #435-9000 Orci St.","Germane@example.com"),("Hyatt","Alexander","Manager","4068026","P.O. Box 687, 7576 Cras Rd.","Hyatt@example.com"),("Piper","Rich","Partner","6220730","2681 Justo Street","Piper@example.com"),("Erica","May","Mrs.","5783753","877 Vestibulum, Road","Erica@example.com"),("Sade","Hood","Ms.","3390854","6033 Vehicula Ave","Sade@example.com"),("Karina","Lang","Dr.","8764223","554-978 Eu St.","Karina@example.com"),("Karly","Gilmore","Staff","1242114","P.O. Box 387, 9250 Luctus Road","Karly@example.com"),("Buckminster","Alvarez","Staff","1305741","P.O. Box 910, 4189 Aenean Ave","Buckminster@example.com"),("Zachery","Cobb","Mrs.","1471977","Ap #819-4821 Iaculis Road","Zachery@example.com"),("Nora","Joseph","Mr.","5894647","Ap #175-9842 Pulvinar St.","Nora@example.com"),("Casey","Haynes","Mr.","2751029","Ap #748-7167 Cubilia St.","Casey@example.com"),("Acton","Travis","Mr.","1072455","P.O. Box 270, 4690 Mi Road","Acton@example.com");


-- INSERT INTO PERSONALCONTACT

INSERT INTO Customer (fname,lname,phoneNum) VALUES ("Leslie","Gray",5551100),("Naomi","Bird",5551101),("Lucius","Grimes",5551102),("Tad","Hooper",5551103),("Regina","Hampton",5551104),("Kyla","Curtis",5551105),("Ashton","Mcdaniel",5551106),("Alma","Malone",5551107),("Blair","Spears",5551108),("Savannah","Hays",5551109),("Keane","Mcneil",5551110),("Lucy","Jarvis",5551111),("Guy","Snyder",5551112),("Hector","Reilly",5551113),("Aimee","Mays",5551114),("Shaine","Callahan",5551115),("Ivan","Holcomb",5551116),("Coby","Humphrey",5551117),("Thaddeus","Sutton",5551118),("Paula","Armstrong",5551119),("Orli","Jenkins",5551120),("Erica","Lang",5551121),("Dolan","Kirk",5551122),("Colette","Boyle",5551123),("Brenden","Velazquez",5551124),("Wylie","Weeks",5551125),("Natalie","Bray",5551126),("Minerva","Floyd",5551127),("Hayes","Rasmussen",5551128),("Ashely","Chang",5551129),("Roary","Carter",5551130),("Branden","Gonzales",5551131),("Hammett","Watson",5551132),("Jonas","Horton",5551133),("Fleur","Lindsay",5551134),("Tate","Sykes",5551135),("Tiger","Horne",5551136),("Ebony","Kaufman",5551137),("Lynn","Estes",5551138),("Carla","Ramsey",5551139),("Dane","David",5551140),("Ezra","Whitfield",5551141),("Genevieve","Roberts",5551142),("Maryam","Forbes",5551143),("Timon","Thomas",5551144),("Raphael","Cote",5551145),("Owen","Pugh",5551146),("Joan","Juarez",5551147),("Ian","Mayer",5551148),("Elizabeth","Sweeney",5551149),("Kylie","Mclean",5551150),("Linus","Thompson",5551151),("Marcia","Hoffman",5551152),("Roanna","Mcpherson",5551153),("Pamela","Hensley",5551154),("Melyssa","Koch",5551155),("Helen","Hyde",5551156),("Timon","Ryan",5551157),("Colette","Murphy",5551158),("Martha","Howell",5551159),("Zeus","Sweeney",5551160),("Chastity","Goodman",5551161),("Ronan","Burke",5551162),("Laith","Harrell",5551163),("Rana","Dale",5551164),("Rinah","Mann",5551165),("Odysseus","Gillespie",5551166),("Zena","Salas",5551167),("Hammett","Dyer",5551168),("Orli","Conley",5551169),("Nicholas","Rios",5551170),("Rosalyn","Garza",5551171),("Marshall","Edwards",5551172),("Wynter","Weber",5551173),("Orla","Crosby",5551174),("Willow","Gillespie",5551175),("Sonia","Hood",5551176),("Hayden","Kemp",5551177),("Jason","Prince",5551178),("Isaiah","Quinn",5551179),("Dorothy","Reese",5551180),("Rachel","Burch",5551181),("Marvin","Pollard",5551182),("Sonia","Farley",5551183),("Rahim","Duran",5551184),("Shea","Moreno",5551185),("Hayden","Guzman",5551186),("Zachary","Maddox",5551187),("Ivory","Wallace",5551188),("Noelani","Sanders",5551189),("Addison","Alexander",5551190),("Ariel","Dillon",5551191),("Keiko","Alvarado",5551192),("Ivor","Terry",5551193),("Bruno","Langley",5551194),("Ulysses","Best",5551195),("Edan","Wheeler",5551196),("Elton","Rosario",5551197),("John","Mullen",5551198),("David","Fisher",5551199);

-- INSERT INTO CALLS

INSERT INTO Calls (startTime,endTime,priceRate,employeeId,phoneNum) VALUES ("15:24:09","06:40:06","0.95",11,5551200),("11:10:21","13:04:03","0.26",93,5551201),("23:09:46","17:12:09","0.32",20,5551202),("15:06:25","13:28:24","0.39",26,5551203),("17:25:06","07:12:15","0.11",51,5551204),("18:01:58","20:40:02","0.53",72,5551205),("09:30:55","05:16:38","0.05",69,5551206),("21:55:45","14:38:24","0.46",51,5551207),("19:56:06","08:17:47","0.93",85,5551208),("23:32:44","06:15:54","0.24",64,5551209),("20:27:31","06:48:27","0.26",98,5551210),("11:33:36","18:25:04","0.58",33,5551211),("16:06:05","07:38:21","0.27",92,5551212),("09:23:29","03:52:57","0.44",15,5551213),("11:49:21","23:30:35","0.67",70,5551214),("15:17:40","17:27:17","0.94",28,5551215),("07:10:37","07:37:14","0.07",87,5551216),("01:10:21","20:32:34","0.80",91,5551217),("22:22:17","16:07:14","0.88",36,5551218),("13:32:06","05:33:38","0.19",57,5551219),("04:04:29","01:04:45","0.59",89,5551220),("13:08:56","01:07:21","0.10",85,5551221),("07:28:13","02:18:59","0.61",47,5551222),("22:38:25","12:30:13","0.17",48,5551223),("01:08:57","19:52:10","0.60",33,5551224),("00:48:20","06:40:46","0.44",2,5551225),("23:27:50","17:27:08","0.88",34,5551226),("15:52:47","08:46:02","0.64",27,5551227),("03:24:28","02:58:26","0.05",5,5551228),("14:24:22","18:45:23","0.71",33,5551229),("02:30:00","19:39:06","0.87",75,5551230),("17:47:13","19:09:35","0.30",83,5551231),("22:18:15","01:24:58","0.80",65,5551232),("02:26:40","13:35:42","0.44",89,5551233),("21:21:50","14:01:23","0.71",100,5551234),("17:20:34","18:10:12","0.78",28,5551235),("11:18:24","06:02:37","0.22",63,5551236),("02:27:55","01:05:15","0.35",95,5551237),("16:38:09","05:43:26","0.77",92,5551238),("16:31:19","19:26:31","0.91",40,5551239),("08:18:45","23:55:47","0.96",17,5551240),("14:50:29","08:45:26","0.33",53,5551241),("08:58:06","15:09:12","0.99",75,5551242),("06:25:53","00:33:06","0.58",34,5551243),("14:12:33","13:47:14","0.13",41,5551244),("09:29:24","14:29:49","0.70",19,5551245),("16:29:00","16:44:43","0.37",90,5551246),("05:09:08","00:14:43","0.53",78,5551247),("00:17:33","07:07:53","0.18",68,5551248),("11:16:14","00:04:13","0.08",94,5551249),("14:05:13","02:12:52","0.16",13,5551250),("23:23:14","17:02:10","0.43",5,5551251),("10:54:49","10:21:15","0.34",73,5551252),("11:52:34","12:36:53","0.03",44,5551253),("22:12:35","15:30:00","0.54",30,5551254),("11:07:30","04:52:28","0.82",4,5551255),("18:50:38","20:45:10","0.41",64,5551256),("05:41:30","05:13:33","0.45",7,5551257),("16:41:04","09:31:14","0.48",5,5551258),("07:29:01","01:59:04","0.05",100,5551259),("19:53:48","19:01:44","0.53",46,5551260),("22:31:10","23:03:24","0.75",79,5551261),("17:33:40","09:10:48","0.86",9,5551262),("03:42:57","09:50:12","0.81",67,5551263),("18:26:10","21:44:07","0.43",64,5551264),("14:28:55","04:44:39","0.87",61,5551265),("05:44:45","23:37:06","0.82",85,5551266),("07:59:58","17:48:09","0.13",88,5551267),("15:09:55","16:15:01","0.08",27,5551268),("03:45:48","10:18:20","0.07",78,5551269),("15:58:50","07:35:16","0.16",37,5551270),("20:43:31","13:38:47","0.27",86,5551271),("13:10:04","06:36:39","0.59",97,5551272),("21:12:29","11:56:22","0.37",65,5551273),("04:32:21","18:02:51","0.17",4,5551274),("12:37:10","19:07:04","0.53",44,5551275),("00:54:54","10:56:45","0.10",26,5551276),("05:41:35","22:56:30","0.53",61,5551277),("11:21:23","04:38:55","0.53",24,5551278),("03:52:34","21:29:06","0.61",63,5551279),("07:07:45","00:50:41","0.32",84,5551280),("21:53:08","14:22:23","0.92",58,5551281),("03:45:37","23:44:26","0.86",45,5551282),("01:51:39","20:45:34","0.91",6,5551283),("15:06:23","12:15:06","0.95",94,5551284),("19:21:05","06:56:04","0.01",78,5551285),("19:44:21","15:10:32","0.21",67,5551286),("18:47:25","19:32:15","0.11",1,5551287),("23:01:32","20:33:25","0.64",44,5551288),("19:23:44","01:52:22","0.75",15,5551289),("05:33:18","18:00:18","0.65",22,5551290),("20:39:39","18:49:03","0.87",28,5551291),("19:36:56","20:47:44","0.25",38,5551292),("05:02:08","03:48:26","0.19",97,5551293),("04:51:11","14:07:24","0.00",23,5551294),("15:56:56","18:59:52","0.34",61,5551295),("18:05:18","22:06:33","0.86",89,5551296),("15:34:14","07:39:11","0.58",81,5551297),("13:32:08","11:50:22","0.12",57,5551298),("11:29:40","16:03:29","0.63",70,5551299);
INSERT INTO Calls (startTime,endTime,priceRate,employeeId,phoneNum) VALUES ("05:29:16","06:57:18","0.60",56,5551100),("16:59:06","00:20:10","0.49",18,5551101),("13:12:04","14:12:32","0.13",35,5551102),("04:56:06","13:37:04","0.37",66,5551103),("03:55:28","10:58:54","0.87",42,5551104),("21:46:17","09:28:21","0.50",46,5551105),("01:45:26","20:40:56","0.47",20,5551106),("22:04:57","13:35:51","0.09",20,5551107),("11:49:52","07:54:04","0.35",78,5551108),("09:28:19","23:08:00","0.97",60,5551109),("13:34:18","13:48:04","0.04",74,5551110),("04:58:42","09:59:39","0.92",25,5551111),("21:39:31","09:47:53","0.59",34,5551112),("09:16:17","23:47:15","0.82",62,5551113),("14:00:37","10:59:45","0.26",10,5551114),("17:15:46","05:32:22","0.71",74,5551115),("15:28:56","18:37:25","0.28",14,5551116),("12:21:20","10:47:11","0.49",84,5551117),("01:37:37","05:44:29","0.01",1,5551118),("09:19:04","22:44:55","0.13",21,5551119),("09:12:15","04:02:10","0.62",79,5551120),("04:25:52","13:55:35","0.94",98,5551121),("14:46:29","06:52:52","0.67",54,5551122),("20:19:03","18:02:41","0.09",43,5551123),("06:29:20","07:26:21","0.70",29,5551124),("09:59:25","10:47:26","0.98",94,5551125),("13:21:02","19:17:46","0.82",80,5551126),("07:43:49","07:01:07","0.18",73,5551127),("11:23:20","13:29:28","0.93",41,5551128),("18:56:48","06:28:04","0.97",4,5551129),("09:57:18","16:32:44","0.89",81,5551130),("21:59:27","16:23:17","0.79",65,5551131),("19:57:21","12:16:57","0.10",1,5551132),("14:56:25","22:27:02","0.61",83,5551133),("05:21:57","04:13:17","0.61",93,5551134),("08:19:08","06:31:32","0.53",79,5551135),("10:01:57","03:11:20","0.96",38,5551136),("15:03:18","02:54:53","0.22",16,5551137),("06:29:25","21:11:25","0.99",95,5551138),("19:40:20","22:57:44","0.18",45,5551139),("09:49:35","16:17:19","0.14",16,5551140),("18:00:17","18:28:57","0.02",74,5551141),("17:55:25","02:23:38","0.77",81,5551142),("04:16:00","19:46:51","0.87",75,5551143),("06:00:46","11:22:17","0.52",20,5551144),("11:48:16","19:59:29","0.66",27,5551145),("14:08:55","20:41:47","0.45",91,5551146),("02:07:28","10:21:24","0.59",20,5551147),("21:16:45","12:25:26","0.72",40,5551148),("10:55:56","19:32:33","0.36",55,5551149),("03:44:48","16:19:56","0.97",33,5551150),("06:35:44","23:21:45","0.63",73,5551151),("13:35:12","14:27:43","0.40",88,5551152),("00:37:59","16:51:02","0.76",87,5551153),("05:05:08","00:24:02","0.62",46,5551154),("21:34:56","07:09:53","0.14",13,5551155),("19:22:03","07:09:53","0.19",66,5551156),("02:41:26","03:44:55","0.59",10,5551157),("14:21:20","03:56:07","0.44",85,5551158),("03:16:29","14:27:46","0.25",30,5551159),("07:09:47","05:32:40","0.69",21,5551160),("07:44:11","13:57:42","0.06",85,5551161),("05:57:45","21:51:39","0.42",25,5551162),("07:29:29","02:00:51","0.29",67,5551163),("04:41:38","14:46:32","0.56",22,5551164),("04:54:42","05:48:20","0.04",63,5551165),("17:38:35","22:30:06","0.05",12,5551166),("22:10:03","00:04:00","0.84",76,5551167),("03:49:01","16:09:11","0.37",68,5551168),("10:55:45","04:55:02","0.85",39,5551169),("18:52:03","00:58:46","0.48",40,5551170),("06:34:58","13:40:00","0.71",46,5551171),("06:13:12","12:07:18","0.26",49,5551172),("19:13:35","14:35:04","0.41",12,5551173),("02:56:50","12:56:47","0.52",59,5551174),("00:15:51","06:01:43","0.75",19,5551175),("23:13:23","00:36:40","0.35",13,5551176),("01:14:34","17:53:12","0.84",14,5551177),("20:02:01","09:38:08","0.53",19,5551178),("04:50:59","12:10:17","0.57",98,5551179),("06:07:33","20:09:11","0.15",98,5551180),("14:56:13","22:59:21","0.28",62,5551181),("08:17:56","10:38:34","0.68",62,5551182),("20:29:41","00:44:14","0.66",61,5551183),("00:09:23","06:53:31","0.67",56,5551184),("21:23:16","09:05:50","0.71",9,5551185),("08:25:40","05:35:25","0.92",62,5551186),("21:34:19","20:03:07","0.03",84,5551187),("23:17:05","16:34:46","0.08",11,5551188),("07:50:38","03:20:27","0.44",98,5551189),("09:04:42","23:36:23","0.22",64,5551190),("06:36:40","18:51:01","0.46",54,5551191),("03:10:07","08:24:01","0.01",66,5551192),("17:09:28","01:06:51","0.48",13,5551193),("12:31:42","11:50:09","0.03",66,5551194),("11:42:37","02:36:07","0.09",77,5551195),("15:10:24","05:27:37","0.95",13,5551196),("10:39:36","20:49:42","0.43",81,5551197),("04:05:22","01:32:00","0.07",51,5551198),("14:38:39","04:27:46","0.59",24,5551199);
INSERT INTO Calls (startTime,endTime,priceRate,employeeId,phoneNum) VALUES ("18:35:58","07:30:46","0.22",6,5551000),("12:12:50","13:57:55","0.57",34,5551001),("15:25:07","15:05:11","0.27",25,5551002),("22:40:51","15:23:53","0.08",44,5551003),("10:29:14","04:59:02","0.16",25,5551004),("23:28:42","11:08:04","0.42",35,5551005),("11:55:20","12:55:57","0.34",55,5551006),("21:09:44","06:09:03","0.26",69,5551007),("18:31:24","03:39:26","0.63",15,5551008),("02:41:38","05:20:08","0.72",69,5551009),("17:26:14","21:45:47","0.43",77,5551010),("04:19:07","06:37:20","0.76",67,5551011),("15:38:55","05:55:57","0.24",42,5551012),("17:45:06","22:14:16","0.55",80,5551013),("11:31:40","12:29:57","0.65",90,5551014),("01:38:37","01:17:00","0.85",49,5551015),("19:27:26","05:10:05","0.39",47,5551016),("15:36:09","09:21:42","0.02",10,5551017),("01:45:34","04:54:03","0.12",76,5551018),("09:04:32","02:23:29","0.56",35,5551019),("22:53:46","15:56:35","0.57",6,5551020),("13:53:23","21:38:40","0.17",3,5551021),("18:26:08","05:00:30","0.14",9,5551022),("19:04:36","18:12:33","0.04",10,5551023),("19:18:05","01:09:25","0.60",36,5551024),("06:24:43","00:50:23","0.37",54,5551025),("20:10:58","03:22:42","0.19",30,5551026),("20:24:42","03:01:55","0.21",34,5551027),("16:42:45","15:14:07","0.29",44,5551028),("16:48:31","07:49:45","0.91",22,5551029),("08:35:56","01:38:50","0.86",80,5551030),("02:49:39","13:18:02","0.53",79,5551031),("10:31:43","03:48:01","0.08",73,5551032),("06:20:29","17:59:51","0.58",96,5551033),("23:19:03","00:31:24","0.76",33,5551034),("12:15:49","15:51:07","0.50",100,5551035),("06:35:44","10:36:48","0.68",30,5551036),("01:54:58","19:10:12","0.07",59,5551037),("13:25:46","06:55:57","0.14",20,5551038),("09:25:11","06:20:39","0.83",100,5551039),("04:56:27","06:54:15","0.65",85,5551040),("20:12:30","06:21:19","0.88",54,5551041),("01:55:50","15:48:37","0.87",50,5551042),("03:07:13","17:39:56","0.87",3,5551043),("07:16:18","12:40:33","0.55",92,5551044),("03:05:06","16:29:07","0.40",86,5551045),("09:48:20","07:42:53","0.59",12,5551046),("03:31:43","01:42:44","0.31",20,5551047),("15:46:20","16:13:12","0.20",40,5551048),("00:15:04","10:38:59","0.66",51,5551049),("17:03:27","15:24:25","0.15",36,5551050),("06:19:08","05:44:59","0.49",78,5551051),("16:21:24","17:54:20","0.63",3,5551052),("18:19:25","08:49:43","0.19",88,5551053),("07:35:03","19:59:03","0.59",41,5551054),("05:40:38","21:48:58","0.47",98,5551055),("04:24:11","03:47:02","0.10",24,5551056),("09:30:54","02:15:35","0.62",13,5551057),("18:17:17","10:13:17","0.70",40,5551058),("03:52:06","01:35:04","0.98",87,5551059),("04:14:27","02:40:38","0.03",70,5551060),("07:18:12","21:28:52","0.42",56,5551061),("13:21:13","17:34:17","0.83",64,5551062),("02:29:22","12:16:52","0.35",76,5551063),("07:10:28","07:30:41","0.56",86,5551064),("03:32:55","12:26:27","0.28",86,5551065),("19:34:43","17:29:47","0.42",40,5551066),("18:49:03","08:12:20","0.09",2,5551067),("11:27:01","02:33:35","0.13",12,5551068),("14:09:48","06:40:13","0.55",9,5551069),("12:57:22","06:51:00","0.50",73,5551070),("22:12:49","10:20:56","0.18",66,5551071),("13:13:53","13:01:16","0.38",63,5551072),("11:22:29","11:00:07","0.18",13,5551073),("11:45:04","23:20:15","0.18",37,5551074),("13:08:06","07:37:09","0.18",54,5551075),("05:30:29","18:45:33","0.38",65,5551076),("23:57:32","00:35:18","0.88",88,5551077),("02:29:33","07:03:01","0.19",48,5551078),("14:07:23","14:21:09","0.11",20,5551079),("19:17:05","18:12:15","0.30",62,5551080),("18:30:27","13:57:58","0.82",77,5551081),("15:43:54","01:24:55","0.93",50,5551082),("16:04:51","16:35:14","0.21",13,5551083),("02:50:17","09:28:13","0.69",53,5551084),("10:27:46","21:20:55","0.95",23,5551085),("23:29:52","06:02:00","0.21",13,5551086),("20:33:01","09:47:44","0.92",1,5551087),("09:52:50","05:40:34","0.46",29,5551088),("22:44:44","20:18:52","0.12",80,5551089),("06:22:22","17:05:50","0.64",12,5551090),("16:06:36","17:14:07","0.49",87,5551091),("08:02:13","21:55:52","0.09",14,5551092),("12:40:36","20:04:05","0.21",18,5551093),("10:35:02","15:06:04","0.02",8,5551094),("01:26:49","06:00:12","0.55",76,5551095),("04:25:53","20:49:36","0.68",7,5551096),("21:23:59","15:20:26","0.34",71,5551097),("10:59:24","11:16:39","0.86",72,5551098),("12:05:21","09:48:08","0.34",74,5551099);

-- INSERT INTO VISITS

INSERT INTO Visits (departureDate,returnDate,employeeId,PhoneNum) VALUES ("03-27-15","07-24-14",6,5551053),("07-09-14","04-03-15",81,5551094),("01-06-16","08-23-15",76,5551000),("03-19-16","04-12-16",100,5551082),("09-08-15","04-30-15",13,5551034),("10-29-15","01-01-16",96,5551005),("10-21-14","03-24-16",2,5551017),("11-30-14","11-16-14",60,5551044),("01-15-15","01-22-15",81,5551049),("05-29-15","03-07-16",18,5551003),("06-26-15","11-08-14",62,5551011),("02-18-15","08-26-15",6,5551027),("02-27-16","03-30-16",36,5551070),("01-28-16","01-20-16",26,5551088),("08-04-15","03-23-16",46,5551057),("10-28-15","05-23-15",52,5551088),("12-04-14","12-07-15",63,5551019),("12-06-14","05-26-14",40,5551029),("07-04-15","09-28-14",77,5551036),("04-28-15","12-06-14",65,5551067),("07-13-14","01-13-16",8,5551094),("08-19-14","10-08-14",26,5551022),("09-25-15","07-24-14",42,5551008),("07-05-14","03-14-15",66,5551032),("11-20-14","09-23-14",53,5551077),("12-09-15","12-14-14",15,5551027),("04-20-16","03-07-16",58,5551015),("02-25-15","10-29-14",66,5551059),("12-14-15","06-24-14",94,5551068),("06-01-15","01-18-15",7,5551014),("05-11-14","01-14-16",100,5551015),("08-25-15","06-30-15",60,5551004),("06-09-15","05-29-14",58,5551094),("10-15-15","11-29-14",28,5551053),("11-11-14","08-02-14",32,5551042),("05-18-14","01-09-16",82,5551095),("03-09-15","08-25-15",61,5551006),("02-18-16","02-07-15",30,5551002),("09-02-14","02-18-15",99,5551036),("08-31-14","03-20-15",31,5551013),("01-28-16","10-09-15",30,5551047),("08-30-15","04-03-16",48,5551063),("02-21-15","04-07-15",92,5551028),("08-04-14","05-05-15",53,5551023),("11-02-14","10-17-14",3,5551026),("04-21-15","06-08-15",56,5551031),("09-19-14","06-12-15",89,5551001),("02-21-15","07-06-15",82,5551012),("10-22-14","07-07-15",65,5551070),("12-10-15","06-30-15",69,5551006);

